-- In this script, the data is being provided in the form of multirow insert statement.
-- The data is set in the order of entities creation to avoid any unexpected errors.

insert into hosts (host_id, first_name, last_name, email, phone_number, host_type, host_status)
values  (1, 'Thomas', 'BAKER', 'thomas.baker@gmail.com', '345-678-9012', 'particular', 'regular'),
        (2, 'Ali', 'MAATAOUI', 'Ali.mt5@gmail.com', '012-345-6789', 'professional', 'super'),
        (3, 'Andreas', 'MUELLER', 'andreas.mueller@gmail.com', '567-890-1234', 'professional', 'super'),
        (4, 'Mo Jin', 'HYUK', 'mo.jin.hyuuki@gmail.com', '678-901-2345', 'particular', 'regular'),
        (5, 'Carla', 'GONZALEZ', 'carla.gonzalez@gmail.com', '678-901-2345', 'professional', 'regular'),
        (6, 'Marco', 'ROSSI', 'marco.rossi@gmail.com', '901-234-5678', 'professional', 'plus'),
        (7, 'Sophia', 'TAYLOR', 'sophia.taylor@gmail.com', '012-345-6789', 'particular', 'super'),
        (8, 'Chloe', 'WHITE', 'chloe.white@gmail.com', '890-123-4567', 'particular', 'plus'),
        (9, 'Julia', 'CLARK', 'julia.clark@gmail.com', '456-789-0123', 'particular', 'regular'),
        (10, 'David', 'LEE', 'david.lee@gmail.com', '789-012-3456', 'professional', 'regular'),
        (11, 'Lisa', 'MILLER', 'lisa.miller@gmail.com', '456-789-0123', 'professional', 'super'),
        (12, 'Maria', 'GARCIA', 'maria.garcia@gmail.com', '234-567-8901', 'professional', 'super'),
        (13, 'Ahmed', 'HASSAN', 'ahmed.hassan@gmail.com', '789-012-3456', 'particular', 'regular'),
        (14, 'Akai', 'WATARU', 'red.wataru@gmail.com', '901-234-5678', 'particular', 'regular'),
        (15, 'Max', 'MUSTERMANN', 'max.mustermann@gmail.com', '345-678-9012', 'professional', 'super'),
        (16, 'Kuchi', 'KAPOOR', 'kuche.kapoor@gmail.com', '234-567-8901', 'particular', 'super'),
        (17, 'Emma', 'WILLIAMS', 'emma.williams@gmail.com', '890-123-4567', 'professional', 'plus'),
        (18, 'Peter', 'JOHNSON', 'peter.johnson@gmail.com', '567-890-1234', 'particular', 'regular'),
        (19, 'Andrea', 'ROSSI', 'andrea.rossi@gmail.com', '123-456-7890', 'professional', 'plus'),
        (20, 'John', 'DOE', 'john.doe@gmail.com', '123-456-7890', 'particular', 'regular');

insert into guests (guest_id, first_name, last_name, email, phone_number, facebook_account, google_account, instagram_account)
values  (1, 'Oliver', 'Lee', 'oliverlee@example.com', '123-456-7890', null, 'google.com/oliverlee', 'instagram.com/oliverlee'),
        (2, 'Sofia', 'Nguyen', 'sofianguyen@example.com', '234-567-8901', 'fb.com/sofianguyen', 'google.com/sofianguyen', null),
        (3, 'William', 'Garcia', 'williamgarcia@example.com', '345-678-9012', 'fb.com/williamgarcia', null, 'instagram.com/williamgarcia'),
        (4, 'Chloe', 'Kim', 'chloekim@example.com', '456-789-0123', null, null, null),
        (5, 'Alejandro', 'Martinez', 'alejandromartinez@example.com', '567-890-1234', 'fb.com/alejandromartinez', 'google.com/alejandromartinez', 'instagram.com/alejandromartinez'),
        (6, 'Samantha', 'Patel', 'samanthapatel@example.com', '678-901-2345', null, 'google.com/samanthapatel', 'instagram.com/samanthapatel'),
        (7, 'Matteo', 'Rossi', 'matteorossi@example.com', '789-012-3456', 'fb.com/matteorossi', 'google.com/matteorossi', null),
        (8, 'Isabella', 'Lopez', 'isabellalopez@example.com', '890-123-4567', 'fb.com/isabellalopez', null, 'instagram.com/isabellalopez'),
        (9, 'Muhammad', 'Ahmed', 'muhammadahmed@example.com', '901-234-5678', 'fb.com/muhammadahmed', 'google.com/muhammadahmed', 'instagram.com/muhammadahmed'),
        (10, 'Sofie', 'Hansen', 'sofiehansen@example.com', '012-345-6789', null, null, null),
        (11, 'Jin-Soo', 'Kim', 'jinsookim@example.com', '123-456-7890', null, 'google.com/jinsookim', 'instagram.com/jinsookim'),
        (12, 'Amelia', 'Nguyen', 'amelianuyen@example.com', '234-567-8901', 'fb.com/amelianuyen', 'google.com/amelianuyen', null),
        (13, 'Lucas', 'Martinez', 'lucasmartinez@example.com', '345-678-9012', 'fb.com/lucasmartinez', 'google.com/lucasmartinez', 'instagram.com/lucasmartinez'),
        (14, 'Steven', 'He', 'steven.he@example.com', '567-451-1234', 'fb.com/stevenhee', null, 'instagram.com/stevenhee'),
        (15, 'Michael', 'Brown', 'michael.brown@example.com', '123-758-7890', 'fb.com/michaelbrown', 'google.com/michaelbrown', null),
        (16, 'Emily', 'Anderson', 'emily.anderson@example.com', '524-245-3010', null, 'google.com/emilyanderson', 'instagram.com/emilyanderson'),
        (17, 'Christopher', 'Smith', 'christopher.smith@example.com', '352-567-8901', 'fb.com/christophersmith', 'google.com/christophersmith', null),
        (18, 'Sarah', 'Taylor', 'sarah.taylor@example.com', '524-714-2911', 'fb.com/sarahtaylor', null, null),
        (19, 'Olivia', 'Jones', 'olivia.jones@example.com', '789-1050-3456', 'fb.com/oliviajones', 'google.com/oliviajones', 'instagram.com/oliviajones'),
        (20, 'John', 'Garcia', 'john.garcia@example.com', '614-245-2913', null, 'google.com/johngarcia', null);

insert into hosts_languages (id, first_language, second_language, third_language, fourth_language, fifth_language, host_id)
values  (1, 'Arabic', 'French', 'English', 'Spanish', null, 2),
        (2, 'Arabic', 'English', null, null, null, 13),
        (3, 'Chinese', 'Japanese', 'English', null, null, 10),
        (4, 'English', null, null, null, null, 8),
        (5, 'English', 'Norwegian', null, null, null, 9),
        (6, 'English', null, null, null, null, 17),
        (7, 'English', null, null, null, null, 18),
        (8, 'English', null, null, null, null, 20),
        (9, 'French', 'Spanish', 'English', null, null, 7),
        (10, 'German', 'English', null, null, null, 1),
        (11, 'German', 'English', 'Finnish', null, null, 3),
        (12, 'German', 'English', null, null, null, 11),
        (13, 'German', 'English', 'Dutch', null, null, 15),
        (14, 'Hindi', 'English', null, null, null, 16),
        (15, 'Italian', 'English', null, null, null, 6),
        (16, 'Italian', 'English', 'French', null, null, 19),
        (17, 'Japanese', 'English', null, null, null, 14),
        (18, 'Koran', 'English', null, null, null, 4),
        (19, 'Spanish', 'English', 'French', 'Portuguese', 'Italian', 5),
        (20, 'Spanish', 'English', 'Italian', 'French', 'Portuguese', 12);

insert into hosts_reviews (host_review_id, ranking, review, review_date, host_id)
values  (1, 10, 'The guest was amazing! They went above and beyond to make sure their stay was comfortable and even helped out with some household chores. Would welcome them back anytime.', '2022-06-20 20:36:44.000000', 2),
        (2, 6, 'The guest caused some damage and didn''t report it until the last minute. Not a great experience.', '2022-07-23 18:58:12.000000', 16),
        (3, 10, 'The guest was fantastic! They left the place even cleaner than when they arrived and were very pleasant to interact with.', '2022-07-26 23:24:09.000000', 3),
        (4, 6, 'The guest was nice but left a few things out of place. Overall, it was a good experience.', '2022-08-15 20:17:51.000000', 12),
        (5, 8, 'The guest was very clean and respectful. They left the place in great condition.', '2022-08-22 19:56:34.000000', 2),
        (6, 6, 'The guest was pleasant but didn''t follow one of the house rules. It was a minor issue but still a bit frustrating.', '2022-09-07 19:28:10.000000', 2),
        (7, 10, 'The guest was amazing! They were polite, friendly, and left the place spotless. A perfect guest.', '2022-09-10 14:14:44.000000', 17),
        (8, 3, 'The guest was a bit messy and didn''t communicate well. Not the best experience.', '2022-09-10 17:38:44.000000', 9),
        (9, 8, 'The guest was quiet and followed all the house rules. No issues.', '2022-10-16 22:53:01.000000', 10),
        (10, 8, 'The guest was friendly and easy to communicate with. They were respectful of the space and left it clean.', '2022-10-17 19:52:01.000000', 11),
        (11, 6, 'The guest was average. Nothing stood out as particularly good or bad.', '2022-11-26 18:47:09.000000', 13),
        (12, 9, 'The guest was great! No issues to report.', '2022-11-26 21:13:47.000000', 1),
        (13, 6, 'The guest was okay, but left some things out of place and didn''t seem to care about the mess they made.', '2022-12-19 19:49:03.000000', 4),
        (14, 4, 'The guest caused some damage to the property and didn''t take responsibility for it. Would not recommend.', '2022-12-29 20:11:37.000000', 19),
        (15, 8, 'The guest was polite and followed all the rules. They left the place clean and tidy.', '2023-01-14 17:56:18.000000', 17),
        (16, 7, 'The guest was considerate and respectful. No complaints.', '2023-02-18 18:22:47.000000', 8),
        (17, 8, 'The guest was courteous and tidy. They didn''t stay long but we enjoyed hosting them.', '2023-02-19 22:57:15.000000', 15),
        (18, 9, 'The guest was wonderful! They left the place spotless and even brought a thank-you gift. Highly recommend.', '2023-03-28 20:11:16.000000', 16),
        (19, 6, 'The guest was fine but left the place messier than expected. It was a bit of a hassle to clean up after them.', '2023-04-15 20:12:19.000000', 2),
        (20, 5, 'The guest was quite difficult to communicate with and didn''t seem to understand some of the rules. Not the best experience.', '2023-04-16 22:44:59.000000', 20);

insert into guests_reviews (guest_review_id, ranking, review, review_date, guest_id)
values  (1, 8, 'The host was very friendly and accommodating. The property was clean and comfortable.', '2022-06-20 14:12:00.000000', 18),
        (2, 7, 'The host was helpful and responsive. The property was well-maintained and had everything we needed.', '2022-07-23 12:28:00.000000', 4),
        (3, 9, 'The host was welcoming and went above and beyond to make our stay enjoyable. The property was in great condition.', '2022-07-26 20:34:00.000000', 3),
        (4, 4, 'The host was unprofessional and the property was not clean. Would not recommend.', '2022-08-15 21:57:00.000000', 5),
        (5, 9, 'The host was attentive and made sure we had everything we needed. The property was spacious and comfortable.', '2022-08-22 14:46:00.000000', 3),
        (6, 8, 'The host was knowledgeable about the area and provided great recommendations. The property was spacious and comfortable.', '2022-09-07 15:38:00.000000', 10),
        (7, 7, 'The host was friendly and welcoming. The property was clean and had all the necessary amenities.', '2022-09-10 12:34:00.000000', 5),
        (8, 4, 'The host was unfriendly and unhelpful. The property was not clean and had several issues.', '2022-09-10 13:28:00.000000', 13),
        (9, 8, 'The host was helpful and accommodating. The property had a great location and was well-appointed.', '2022-10-16 20:13:00.000000', 11),
        (10, 9, 'The host was attentive and made sure we had everything we needed. The property was beautiful and exceeded our expectations.', '2022-10-17 21:22:00.000000', 16),
        (11, 5, 'The host was unresponsive and the property was not well-maintained. Disappointing experience.', '2022-11-26 16:37:00.000000', 8),
        (12, 10, 'The host was amazing and made us feel right at home. The property was beautiful and exceeded our expectations.', '2022-11-26 23:43:00.000000', 14),
        (13, 4, 'The host was unresponsive and the property was not as advertised. Disappointing experience.', '2022-12-19 21:59:00.000000', 6),
        (14, 3, 'The host was accommodating and the property had a great location. However, it was in need of some updates.', '2022-12-29 22:01:00.000000', 19),
        (15, 6, 'The host was friendly and helpful. The property was clean and comfortable.', '2023-01-14 11:26:00.000000', 20),
        (16, 6, 'The host was welcoming and provided great recommendations for local activities. The property was in great condition.', '2023-02-18 19:12:00.000000', 8),
        (17, 9, 'The host was incredibly accommodating and went above and beyond to make sure that we had everything we needed. Staying at this property was an absolute pleasure. ', '2023-02-19 20:47:00.000000', 14),
        (18, 10, 'The host was exceptional and made our stay unforgettable. The property was top-notch and had amazing amenities.', '2023-03-28 23:51:00.000000', 9),
        (19, 5, 'The host was unresponsive and the property was not well-maintained. Disappointing experience.', '2023-04-15 10:32:00.000000', 19),
        (20, 5, 'The host was friendly and accommodating. The property was cozy and had a great location.', '2023-04-16 12:44:00.000000', 9);

insert into admins (admin_id, first_name, last_name, email)
values  (1, 'Natalie', 'Green', 'natalie.green@gmail.com'),
        (2, 'Derrick', 'Rodriguez', 'derrick.rodriguez@yahoo.com'),
        (3, 'Carla', 'McPherson', 'carla.mcpherson@hotmail.com'),
        (4, 'Jordan', 'Alvarez', 'jordan.alvarez@gmail.com'),
        (5, 'Harvey', 'Saunders', 'harvey.saunders@hotmail.com'),
        (6, 'Katie', 'Brewer', 'katie.brewer@yahoo.com'),
        (7, 'Joey', 'Stevenson', 'joey.stevenson@gmail.com'),
        (8, 'Marina', 'Gonzalez', 'marina.gonzalez@hotmail.com'),
        (9, 'Nick', 'Nguyen', 'nick.nguyen@yahoo.com'),
        (10, 'Lila', 'Henderson', 'lila.henderson@gmail.com'),
        (11, 'Shawn', 'Robinson', 'shawn.robinson@hotmail.com'),
        (12, 'Maggie', 'Phillips', 'maggie.phillips@yahoo.com'),
        (13, 'Vincent', 'Lin', 'vincent.lin@gmail.com'),
        (14, 'April', 'Howard', 'april.howard@hotmail.com'),
        (15, 'Trevor', 'Peterson', 'trevor.peterson@yahoo.com'),
        (16, 'Leah', 'Chen', 'leah.chen@hotmail.com'),
        (17, 'Brandon', 'Kim', 'brandon.kim@gmail.com'),
        (18, 'Jasmine', 'King', 'jasmine.king@yahoo.com'),
        (19, 'Julio', 'Ortega', 'julio.ortega@hotmail.com'),
        (20, 'Samantha', 'Wang', 'samantha.wang@gmail.com');

insert into hosts_support_requests (host_request_id, request_object, description, host_id, admin_id)
values  (1, 'Verification issues', 'I am having trouble with the verification process for my account. Can you help me resolve the issue?', 3, 10),
        (2, 'Malicious activities', 'My account has been hacked and unauthorized bookings have been made. What can I do to secure my account?', 18, 7),
        (3, 'Missing luggage', 'One of my guests has left personal belongings behind. How can I return them to the guest?', 1, 2),
        (4, 'Blocked calendar', 'My calendar is showing unavailable dates, but I haven''t blocked them. How can I fix this?', 8, 12),
        (5, 'Extension of stay', 'I have received a request from a guest to extend their stay. Can you help me update the reservation?', 17, 10),
        (6, 'Listing compliance', 'I have received a report that my listing is not complying with local regulations. What actions should I take?', 10, 7),
        (7, 'Help with spam messages', 'I am receiving spam messages from potential guests. How can I block them?', 9, 4),
        (8, 'Improvements methods', 'One of my guests has left a bad review. How can I improve my listing and prevent this in the future?', 6, 19),
        (9, 'Contact issues', 'I need to contact a guest or host but I don''t have their contact information. Can you help me retrieve it?', 9, 20),
        (10, 'Help with listings', 'I am unable to edit my listing details, can you assist me?', 8, 17),
        (11, 'Clarification', 'I received a notification that a guest has filed a chargeback with their bank. Can you help me understand what happened?', 12, 18),
        (12, 'An unfair review', 'I received a negative review from a guest which I believe is unfair. How can I dispute it?', 6, 20),
        (13, 'Pre-booking check', 'I have received a request from a potential guest for an early check-in or late check-out. Can I accommodate this request?', 5, 18),
        (14, 'Refund issues', 'One of my guests is asking for a refund, but my cancellation policy is non-refundable. What should I do?', 3, 14),
        (15, 'Cancellation policy', 'I need to cancel a booking due to a family emergency. How can I do that without penalty?', 3, 7),
        (16, 'Technical issues', 'I am having trouble accessing the payment system. Can you help me troubleshoot?', 3, 15),
        (17, 'Extra guest allowance', 'I have received a request from a guest to bring extra guests or pets. Can I allow this request?', 18, 5),
        (18, 'Translation services', 'I am receiving inquiries from guests in a language I don''t understand. Can you help me with translation services?', 2, 8),
        (19, 'Damaged property', 'One of my guests has damaged my property. What steps should I take to file a claim?', 12, 6),
        (20, 'Cancellation policy', 'I need to cancel a booking due to unforeseen circumstances. Can you help me with the cancellation process?', 1, 2),
        (21, 'Help with refund', 'I have received a cancellation from a guest. How can I process the refund?', 6, 3),
        (22, 'Bad Guest', 'One of my guests is causing disturbances and violating the house rules. What actions can I take?', 7, 13),
        (23, 'Technical issues', 'I am having trouble with the pricing of my listing. Can you help me set the right price?', 15, 16),
        (24, 'Guests issues', 'I have received a damage claim from a guest. How can I respond to it?', 20, 16),
        (25, 'Guests issues', 'I have received a reservation request from a guest with a low rating. Should I accept or decline the request?', 12, 4),
        (26, 'Missing payout', 'My payout is missing or incorrect. Can you investigate and help me receive it?', 20, 7),
        (27, 'Payments methods update', 'I need to update my payment information. How can I do that?', 2, 1),
        (28, 'Reparation', 'One of my guests has reported a maintenance issue in the property. Can you help me arrange for a repair?', 2, 11),
        (29, 'Technical issues', 'I am having trouble with accepting a booking request. Can you help me out?', 5, 1),
        (30, 'Payout clarification', 'I have a question about my payout statement. Can you explain the details to me?', 16, 9);

insert into guests_support_requests (guest_request_id, request_object, description, guest_id, admin_id)
values  (1, 'Cancellation policy', 'I need to cancel my reservation due to a family emergency. Can you help me with the cancellation process?', 20, 17),
        (2, 'False description', 'The property I rented does not match the description on the listing. Can you help me resolve the issue?', 4, 18),
        (3, 'Inaccessible property', 'I am unable to check in to the property. Can you help me contact the host or find alternative accommodations?', 8, 3),
        (4, 'Change of dates', 'I need to change the dates of my reservation. Can you help me modify the reservation?', 7, 15),
        (5, 'Clarification', 'I have a question about the amenities or facilities in the property. Can you help me get more information?', 16, 12),
        (6, 'Compliance issues', 'The property I rented is not clean or in good condition. Can you help me find a solution with the host?', 13, 16),
        (7, 'Technical issues', 'I have lost my access code or key to the property. Can you help me retrieve it?', 2, 10),
        (8, 'Technical issues', 'I have an issue with the payment for my reservation. Can you help me resolve the issue?', 4, 6),
        (9, 'Clarification', 'I need to add extra guests or pets to my reservation. Can you help me make the request to the host?', 13, 2),
        (10, 'Clarification', 'I have encountered a problem with the property during my stay. Can you help me find a solution with the host?', 6, 7),
        (11, 'Cancellation policy', 'I need to cancel my reservation due to a natural disaster or unforeseen event. Can you help me receive a full refund?', 6, 12),
        (12, 'Technical issues', 'I am unable to contact the host or receive a response. Can you help me get in touch with them?', 17, 7),
        (13, 'Unfair charges', 'I have received a charge for damages to the property that I didn''t cause. Can you help me dispute the claim?', 4, 8),
        (14, 'Stay extension', 'I need to extend my stay at the property. Can you help me modify the reservation?', 9, 6),
        (15, 'Compliance issues', 'The host is not complying with the house rules or local laws. Can you help me report the issue?', 16, 9),
        (16, 'Clarification', 'I have a question about the location or accessibility of the property. Can you help me get more information?', 4, 14),
        (17, 'Refund policy', 'I need to check out of the property earlier than planned. Can you help me request a refund for the unused nights?', 18, 19),
        (18, 'Unsafe property', 'The property is not safe or secure. Can you help me find alternative accommodations or resolve the issue?', 4, 18),
        (19, 'Cancellation policy', 'I have received a cancellation notice from the host. Can you help me find alternative accommodations or receive a full refund?', 16, 8),
        (20, 'Clarification', 'I need to request special accommodations or assistance due to a disability or medical condition. Can you help me make the request to the host?', 14, 11),
        (21, 'Technical issues', 'I am having trouble accessing my account. Can you help me reset my password?', 19, 18),
        (22, 'Clarification', 'I have a question about the check-in or check-out process. Can you help me get more information?', 18, 1),
        (23, 'Complaint', 'I have a complaint about the behavior of the host or other guests. Can you help me report the issue?', 3, 13),
        (24, 'Cancellation policy', 'I have a question about the refund or cancellation policy. Can you help me understand the terms and conditions?', 11, 20),
        (25, 'Clarification', 'I need to request a special accommodation for my stay, such as a crib or wheelchair accessibility. Can you help me make the request to the host?', 16, 4),
        (26, 'Missing luggage', 'I have lost or forgotten something at the property. Can you help me contact the host to retrieve it?', 1, 8),
        (27, 'Cancellation policy', 'I need to cancel my reservation due to a change in travel plans. Can you help me with the cancellation process?', 19, 7),
        (28, 'Clarification', 'I have a question about the security deposit or extra fees for my reservation. Can you help me understand the charges?', 18, 9),
        (29, 'Technical issues', 'I have encountered a problem with the booking process. Can you help me troubleshoot the issue?', 8, 8),
        (30, 'Emergency report', 'I need to report an emergency situation at the property, such as a fire or medical emergency. Can you help me contact the appropriate authorities?', 4, 5);

insert into conversations (conversation_id, guest_id, host_id)
values  (1, 17, 3),
        (2, 7, 7),
        (3, 2, 7),
        (4, 13, 4),
        (5, 10, 11),
        (6, 15, 15),
        (7, 9, 7),
        (8, 12, 9),
        (9, 13, 9),
        (10, 2, 15),
        (11, 18, 17),
        (12, 16, 7),
        (13, 15, 13),
        (14, 1, 9),
        (15, 12, 3),
        (16, 17, 5),
        (17, 7, 4),
        (18, 20, 3),
        (19, 15, 5),
        (20, 7, 15);

insert into hosts_mailbox (host_message_id, message_corp, message_timestamp, conversation_id)
values  (1, 'I am having an issue with my reservation. Can you help me?', '2023-04-10 08:10:00.000000', 17),
        (2, 'I have an emergency situation at the property. What should I do?', '2023-04-10 10:33:00.000000', 16),
        (3, 'I am confused about some extra fees on my bill. Can you explain them to me?', '2023-04-11 15:22:00.000000', 6),
        (4, 'There is a problem with the amenities or facilities. Can you help me?', '2023-04-12 09:29:00.000000', 15),
        (5, 'I am having trouble with the booking process. Can you assist me?', '2023-04-13 11:44:00.000000', 18),
        (6, 'The host and other guests are behaving badly. What should I do?', '2023-04-14 09:09:00.000000', 7),
        (7, 'I want to extend my stay. Can you help me?', '2023-04-16 12:52:00.000000', 5),
        (8, 'I disagree with the damages charge on my bill. Can you help me dispute it?', '2023-04-17 07:23:00.000000', 4),
        (9, 'I can''t reach the host. Can you help me get in touch with them?', '2023-04-19 11:08:00.000000', 19),
        (10, 'There was a natural disaster that affected my stay. Can I get a refund? ', '2023-04-19 14:41:00.000000', 1),
        (11, 'There is a problem with the property during my stay. Can you help me?', '2023-04-20 06:29:00.000000', 3),
        (12, 'Hi there, I was wondering if I could add an extra guest to my reservation?', '2023-04-21 09:43:00.000000', 8),
        (13, 'I''m having an issue with my payment for the reservation. Could you please help me?', '2023-04-22 07:36:00.000000', 20),
        (14, 'I seem to have misplaced my access code or key. Could you assist me in retrieving it from the host?', '2023-04-22 12:21:00.000000', 2),
        (15, 'I''m afraid there''s an issue with the cleanliness of the property. Could you help me find a solution?', '2023-04-24 09:42:00.000000', 14),
        (16, 'I''m interested in booking the property. Could you provide me with some information?', '2023-04-24 12:17:00.000000', 9),
        (17, 'I need to modify my reservation dates. Could you assist me with that please?', '2023-04-25 06:47:00.000000', 10),
        (18, 'I''m having trouble checking in to my reservation. Could you help me find alternative accommodations if necessary?', '2023-04-27 14:08:00.000000', 13),
        (19, 'I recently stayed at a property and found that it did not match the listing. Could you help me resolve this issue?', '2023-04-28 12:47:00.000000', 12),
        (20, 'I need to cancel my reservation. Could you help me with that please?', '2023-04-29 08:47:00.000000', 11);

insert into guests_mailbox (guest_message_id, message_corp, message_timestamp, conversation_id)
values  (1, 'I am sorry to hear about the emergency situation at the property. Please provide me with more information about the situation, and I will work with you to contact the appropriate authorities.', '2023-04-11 12:45:00.000000', 16),
        (2, 'Thank you for letting me know about the issue with the reservation. Please provide me with more information about the problem, and I will work with you to find a solution.', '2023-04-12 09:30:00.000000', 17),
        (3, 'I apologize for the confusion. Can you provide me with more information about the extra fees or charges, and I will work with you to understand the billing details?', '2023-04-13 16:00:00.000000', 6),
        (4, 'Thank you for letting me know about the issue with the booking process. Please provide me with more information about the problem, and I will assist you with troubleshooting the issue.', '2023-04-14 13:30:00.000000', 18),
        (5, 'I am sorry to hear that you are experiencing an issue with the amenities or facilities. Please provide me with more information about the problem, and I will work with you to find a solution.', '2023-04-15 11:15:00.000000', 15),
        (6, 'I am sorry to hear about the behavior of the host or other guests. Please provide me with more information about the situation so that I can work with you to report the issue.', '2023-04-16 11:25:00.000000', 7),
        (7, 'Certainly! Please let me know the new dates that you would like to extend your stay to, and I will assist you with modifying your reservation.', '2023-04-17 14:00:00.000000', 5),
        (8, 'Thank you for letting me know about the issue with the damages charge. Please provide me with documentation of the situation, and I will assist you with disputing the claim.', '2023-04-18 09:45:00.000000', 4),
        (9, 'I apologize for the inconvenience. Please provide me with your reservation details, and I will contact the host on your behalf to assist you with getting in touch with them.', '2023-04-19 12:30:00.000000', 19),
        (10, 'I am sorry to hear about the natural disaster or unforeseen event. Please provide me with documentation of the situation, and I will work with you to receive a full refund.', '2023-04-20 16:00:00.000000', 1),
        (11, 'I am sorry to hear that you have encountered a problem with the property during your stay. Please provide me with more information about the issue so that I can work with the host to find a solution.', '2023-04-21 08:15:00.000000', 3),
        (12, 'Certainly! Please let me know the number of extra guests or pets that you would like to add to your reservation, and I will assist you with making the request to the host.', '2023-04-22 11:30:00.000000', 8),
        (13, 'Thank you for letting me know about the payment issue. Please provide me with more information about the problem so that I can work with you to resolve it.', '2023-04-23 15:00:00.000000', 2),
        (14, 'I am sorry to hear that you have lost your access code or key. I will contact the host on your behalf to assist you with retrieving it.', '2023-04-24 10:45:00.000000', 20),
        (15, 'I apologize for the inconvenience. I will work with you and the host to find a solution for the cleanliness issue. Can you provide me with more details about the problem?', '2023-04-25 14:15:00.000000', 9),
        (16, 'I would be happy to provide you with more information about the amenities and facilities in the property. Please let me know what specific questions you have.', '2023-04-26 12:30:00.000000', 14),
        (17, 'Thank you for reaching out. I can assist you with modifying your reservation. Please provide me with the new dates that you would like to book.', '2023-04-27 09:00:00.000000', 10),
        (18, 'I am sorry to hear that you are unable to check in. Please provide me with your reservation details so that I can contact the host on your behalf and assist you with finding alternative accommodations if necessary.', '2023-04-28 16:30:00.000000', 13),
        (19, 'Thank you for bringing this to my attention. Can you provide me with more information about how the property does not match the listing? I will work with you to resolve the issue.', '2023-04-29 13:45:00.000000', 12),
        (20, 'Hello, thank you for reaching out. I apologize for the inconvenience. I will assist you with canceling your reservation. Please provide me with your reservation details so that I can initiate the cancellation process.', '2023-04-30 10:15:00.000000', 11);

insert into cities (city_id, city, country, continent)
values  (1, 'Sydney', 'Australia', 'Australia'),
        (2, 'Rio de Janeiro', 'Brazil', 'South America'),
        (3, 'Toronto', 'Canada', 'North America'),
        (4, 'Cairo', 'Egypt', 'Africa'),
        (5, 'Paris', 'France', 'Europe'),
        (6, 'Berlin', 'Germany', 'Europe'),
        (7, 'Mumbai', 'India', 'Asia'),
        (8, 'Rome', 'Italy', 'Europe'),
        (9, 'Tokyo', 'Japan', 'Asia'),
        (10, 'New York', 'United States', 'North America'),
        (11, 'Amsterdam', 'Netherlands', 'Europe'),
        (12, 'London', 'United Kingdom', 'Europe'),
        (13, 'Athens', 'Greece', 'Europe'),
        (14, 'Harbin', 'China', 'Asia'),
        (15, 'Barcelona', 'Spain', 'Europe'),
        (16, 'Shanghai', 'China', 'Asia'),
        (17, 'Melbourne', 'Australia', 'Australia'),
        (18, 'Marrakesh', 'Morocco', 'Africa'),
        (19, 'Seoul', 'South Korea', 'Asia'),
        (20, 'Casablanca', 'Morocco', 'Africa');

insert into addresses (address_id, address_line, zip_code, city_id)
values (1, '078 Collins St', '3000', 10),
       (2, '517 Fifth Ave', '10017', 10),
       (3, '615 Sheikh Zayed Road', '5544', 18),
       (4, '121 Main St', '90210', 17),
       (5, '062 Avenue des Champs-Elysees', '75008', 5),
       (6, '102 Yonge Street', 'M5B 1N9', 3),
       (7, '55 Songhe St', '110013', 14),
       (8, '019 Rue Tariq Ibn Ziyad', '20050', 18),
       (9, '416 Queen Street', '1010', 12),
       (10, '365 Victoria Road', '8001', 13),
       (11, '787 Friedrichstrasse', '10117', 6),
       (12, '403 Derb Salihine', '1540', 20),
       (13, '109 Damstraat', '1012 JL', 11),
       (14, '416 Salah Salem Street', '11762', 4),
       (15, '095 Copacabana Beach', '22070-011', 2),
       (16, '259 Karl Johans gate', '154', 6),
       (17, '430 Tverskaya Street', '125009', 16),
       (18, '157 George Street', '2000', 1),
       (19, '456 Via del Corso', '187', 8),
       (20, '421 La Rambla', '8002', 2),
       (21, '314 Calle de la Pasionaria', '15023', 15),
       (22, '109 High Hills St', 'SW1A 2AA', 3),
       (23, '389 Shibuya Crossing', '150-0043', 9),
       (24, '011 De Jong Straat', '1014 JL', 11),
       (25, '456 Mano Sharma', '40005', 7),
       (26, '456 Rue de Rivoli', '75001', 5),
       (27, '88 Jiefang Rd', '200001', 6),
       (28, '675 Gangnam-daero', '150020', 19),
       (29, '183 Boulevard Mohammed V', '40000', 18),
       (30, '406 Derb Jamaa', '40000', 20);

insert into properties (property_id, property_name, property_type, rented_place, address_id, host_id)
values  (1, 'Cozy Cottage', 'House', 'Entire Place', 1, 9),
        (2, 'Beachfront Condo', 'Apartment', 'Entire Place', 2, 17),
        (3, 'Riyad El Hemma', 'House', 'Entire Place', 3, 2),
        (4, 'Rustic Cabin', 'House', 'Entire Place', 4, 9),
        (5, 'Luxury Villa', 'House', 'Shared Room', 5, 7),
        (6, 'La Grounde', 'Hotel', 'Private Room', 6, 14),
        (7, 'Classic Victorian', 'House', 'Shared Room', 7, 10),
        (8, 'Riyad Oum Hani', 'House', 'Entire Place', 8, 2),
        (9, 'Quaint Bungalow', 'House', 'Entire Place', 9, 17),
        (10, 'Cozy Studio', 'Apartment', 'Private Room', 10, 19),
        (11, 'Modern Townhouse', 'House', 'Shared Room', 11, 11),
        (12, 'Stylish Loft', 'Apartment', 'Entire Place', 12, 2),
        (13, 'Seaside Cottage', 'House', 'Entire Place', 13, 20),
        (14, 'Spacious Condo', 'Apartment', 'Entire Place', 14, 13),
        (15, 'Vintage Apartment', 'Apartment', 'Private Room', 15, 12),
        (16, 'Country Farmhouse', 'House', 'Entire Place', 16, 15),
        (17, 'Cozy Chalet', 'House', 'Entire Place', 17, 18),
        (18, 'Stylish Penthouse', 'Apartment', 'Shared Room', 18, 8),
        (19, 'Lakeside Cabin', 'House', 'Entire Place', 19, 12),
        (20, 'The Bungalow', 'Hotel', 'Private Room', 20, 5),
        (21, 'Secluded Cabin', 'House', 'Shared Room', 21, 6),
        (22, 'Beach House', 'House', 'Entire Place', 22, 13),
        (23, 'Mountain Chalet', 'House', 'Entire Place', 23, 14),
        (24, 'Spacious Loft', 'Apartment', 'Private Room', 24, 3),
        (25, 'Modern Villa', 'House', 'Shared Room', 25, 16),
        (26, 'Charming Cottage', 'House', 'Shared Room', 26, 19),
        (27, 'Cozy Apartment', 'Apartment', 'Entire Place', 27, 1),
        (28, 'Luxury Penthouse', 'Apartment', 'Private Room', 28, 4),
        (29, 'Riyad MAATAOUI', 'House', 'Private Room', 29, 2),
        (30, 'Spacious Townhouse', 'Apartment', 'Entire Place', 30, 2);

insert into beds_and_rooms (id, number_of_beds, number_of_bedrooms, number_of_bathrooms, property_id)
values  (1, 1, 1, 1, 5),
        (2, 1, 1, 1, 6),
        (3, 1, 1, 1, 7),
        (4, 1, 1, 1, 11),
        (5, 1, 1, 1, 18),
        (6, 1, 1, 1, 20),
        (7, 1, 1, 1, 21),
        (8, 1, 1, 1, 24),
        (9, 1, 1, 1, 25),
        (10, 1, 1, 1, 28),
        (11, 2, 1, 1, 10),
        (12, 2, 1, 1, 15),
        (13, 2, 1, 1, 26),
        (14, 2, 1, 1, 29),
        (15, 3, 1, 1, 17),
        (16, 2, 2, 1, 9),
        (17, 3, 2, 1, 1),
        (18, 3, 2, 1, 12),
        (19, 3, 2, 1, 22),
        (20, 4, 2, 1, 13),
        (21, 4, 2, 1, 23),
        (22, 4, 2, 1, 27),
        (23, 5, 3, 1, 14),
        (24, 3, 2, 2, 2),
        (25, 4, 2, 2, 4),
        (26, 4, 2, 2, 16),
        (27, 4, 3, 2, 19),
        (28, 6, 3, 3, 30),
        (29, 7, 4, 3, 8),
        (30, 10, 3, 4, 3);

insert into properties_capacities (capacity_id, adults, children, infants, pets, property_id)
values  (1, 1, 0, 1, 1, 6),
        (2, 1, 1, 0, 1, 24),
        (3, 2, 1, 0, 2, 1),
        (4, 2, 0, 1, 1, 5),
        (5, 2, 0, 0, 1, 7),
        (6, 2, 1, 0, 2, 9),
        (7, 2, 0, 1, 1, 10),
        (8, 2, 0, 0, 1, 11),
        (9, 2, 1, 0, 2, 12),
        (10, 2, 2, 1, 1, 13),
        (11, 2, 2, 1, 1, 14),
        (12, 2, 0, 1, 1, 15),
        (13, 2, 0, 2, 1, 16),
        (14, 2, 1, 0, 0, 17),
        (15, 2, 0, 0, 2, 18),
        (16, 2, 2, 0, 1, 19),
        (17, 2, 0, 0, 0, 20),
        (18, 2, 0, 0, 1, 21),
        (19, 2, 0, 1, 2, 22),
        (20, 2, 2, 0, 2, 23),
        (21, 2, 0, 0, 0, 25),
        (22, 2, 1, 0, 2, 26),
        (23, 2, 2, 2, 1, 27),
        (24, 2, 0, 1, 2, 28),
        (25, 2, 0, 0, 1, 29),
        (26, 3, 0, 0, 1, 2),
        (27, 3, 0, 1, 1, 4),
        (28, 4, 4, 2, 2, 8),
        (29, 4, 2, 0, 1, 30),
        (30, 5, 3, 2, 3, 3);

insert into properties_essentials (essential_id, wifi, washer, air_conditioning, dedicated_workplace, iron, kitchen, tv, dryer, heating, property_id)
values  (1, true, true, true, true, false, true, true, true, true, 2),
        (2, true, true, true, true, false, true, true, true, true, 12),
        (3, true, true, true, true, false, true, true, true, true, 16),
        (4, true, true, true, true, false, true, true, true, true, 27),
        (5, true, true, true, true, true, true, true, true, true, 1),
        (6, true, false, true, true, true, true, true, true, true, 3),
        (7, true, true, true, true, true, true, true, true, true, 4),
        (8, true, false, false, false, true, false, true, true, true, 5),
        (9, true, false, false, false, true, false, true, true, true, 6),
        (10, true, false, false, true, true, false, true, true, true, 7),
        (11, true, false, true, false, true, true, true, true, true, 8),
        (12, true, false, true, true, true, true, true, false, true, 9),
        (13, true, false, false, false, true, false, true, true, true, 10),
        (14, true, false, false, false, true, false, true, true, true, 11),
        (15, true, true, true, true, true, true, false, true, true, 13),
        (16, true, false, true, false, true, true, true, true, true, 14),
        (17, true, false, false, false, true, false, true, true, true, 15),
        (18, true, true, false, false, true, true, true, true, true, 17),
        (19, true, false, false, true, true, false, true, true, true, 18),
        (20, true, false, true, true, true, false, true, true, true, 19),
        (21, true, false, false, false, true, false, true, true, true, 20),
        (22, true, false, false, true, true, false, true, true, true, 21),
        (23, true, true, true, false, true, false, true, true, true, 22),
        (24, true, true, false, true, true, true, true, true, true, 23),
        (25, true, false, false, true, true, false, true, true, true, 24),
        (26, true, false, false, false, true, false, true, true, true, 25),
        (27, true, false, false, false, true, false, true, true, true, 26),
        (28, true, false, false, true, true, false, true, true, true, 28),
        (29, true, false, false, false, true, false, true, true, true, 29),
        (30, true, true, true, true, true, true, true, false, true, 30);

insert into properties_features (feature_id, gym, pool, parking, breakfast, indoor_fireplace, pets_allowed, smoking_allowed, property_id)
values  (1, false, false, false, false, false, true, false, 2),
        (2, false, true, false, true, false, true, true, 5),
        (3, true, true, false, true, false, true, false, 7),
        (4, true, true, false, true, false, true, false, 9),
        (5, false, true, true, false, false, true, false, 10),
        (6, false, false, false, false, false, true, false, 12),
        (7, true, true, true, true, false, true, false, 13),
        (8, true, true, true, false, false, true, false, 14),
        (9, false, true, false, false, false, true, false, 15),
        (10, false, true, true, true, false, true, false, 16),
        (11, false, true, true, true, false, false, false, 17),
        (12, false, true, false, true, false, true, false, 18),
        (13, false, true, true, false, false, true, false, 22),
        (14, false, true, true, false, false, true, false, 23),
        (15, false, false, false, false, false, true, true, 24),
        (16, true, true, true, false, false, true, false, 27),
        (17, false, false, false, false, false, true, false, 29),
        (18, true, true, true, false, false, true, false, 30),
        (19, true, true, true, true, true, true, false, 1),
        (20, true, true, true, false, true, true, false, 3),
        (21, true, true, true, false, true, true, false, 4),
        (22, false, false, false, false, true, true, false, 6),
        (23, true, true, true, true, true, true, true, 8),
        (24, false, true, false, false, true, true, false, 11),
        (25, true, true, true, false, true, true, false, 19),
        (26, false, false, false, false, true, false, false, 20),
        (27, false, false, false, false, true, true, false, 21),
        (28, false, false, false, false, true, false, true, 25),
        (29, false, false, false, false, true, true, true, 26),
        (30, false, false, false, false, true, true, false, 28);

insert into properties_fees (fees_id, stay_fees, cleaning_fees, service_fees, property_id)
values  (1, 10.99, 3.99, 1.099, 5),
        (2, 10.99, 3.99, 1.099, 7),
        (3, 10.99, 3.99, 1.099, 11),
        (4, 10.99, 3.99, 1.099, 18),
        (5, 10.99, 3.99, 1.099, 21),
        (6, 10.99, 3.99, 1.099, 25),
        (7, 10.99, 3.99, 1.099, 26),
        (8, 12.99, 7.99, 1.299, 10),
        (9, 12.99, 7.99, 1.299, 15),
        (10, 12.99, 7.99, 1.299, 24),
        (11, 12.99, 7.99, 1.299, 28),
        (12, 14.99, 7.99, 1.499, 6),
        (13, 14.99, 7.99, 1.499, 20),
        (14, 14.99, 7.99, 1.499, 29),
        (15, 34.99, 10.99, 3.499, 2),
        (16, 34.99, 10.99, 3.499, 12),
        (17, 34.99, 10.99, 3.499, 14),
        (18, 34.99, 10.99, 3.499, 27),
        (19, 34.99, 10.99, 3.499, 30),
        (20, 49.99, 10.99, 4.999, 1),
        (21, 49.99, 10.99, 4.999, 3),
        (22, 49.99, 10.99, 4.999, 4),
        (23, 49.99, 10.99, 4.999, 8),
        (24, 49.99, 10.99, 4.999, 9),
        (25, 49.99, 10.99, 4.999, 13),
        (26, 49.99, 10.99, 4.999, 16),
        (27, 49.99, 10.99, 4.999, 17),
        (28, 49.99, 10.99, 4.999, 19),
        (29, 49.99, 10.99, 4.999, 22),
        (30, 49.99, 10.99, 4.999, 23);

insert into property_images (image_id, image_link, property_id)
values  (1, 'www.storagesite.com/image9_1.png', 9),
        (2, 'www.storagesite.com/image26_2.png', 26),
        (3, 'www.storagesite.com/image29_2.png', 29),
        (4, 'www.storagesite.com/image6_1.png', 6),
        (5, 'www.storagesite.com/image22_1.png', 22),
        (6, 'www.storagesite.com/image21_2.png', 21),
        (7, 'www.storagesite.com/image6_2.png', 6),
        (8, 'www.storagesite.com/image17_2.png', 17),
        (9, 'www.storagesite.com/image25_2.png', 25),
        (10, 'www.storagesite.com/image14_1.png', 14),
        (11, 'www.storagesite.com/image3_1.png', 3),
        (12, 'www.storagesite.com/image23_2.png', 23),
        (13, 'www.storagesite.com/image2_1.png', 2),
        (14, 'www.storagesite.com/image12_2.png', 12),
        (15, 'www.storagesite.com/image7_1.png', 7),
        (16, 'www.storagesite.com/image5_1.png', 5),
        (17, 'www.storagesite.com/image28_1.png', 28),
        (18, 'www.storagesite.com/image15_2.png', 15),
        (19, 'www.storagesite.com/image30_1.png', 30),
        (20, 'www.storagesite.com/image2_2.png', 2),
        (21, 'www.storagesite.com/image13_2.png', 13),
        (22, 'www.storagesite.com/image12_1.png', 12),
        (23, 'www.storagesite.com/image29_1.png', 29),
        (24, 'www.storagesite.com/image1_1.png', 1),
        (25, 'www.storagesite.com/image8_1.png', 8),
        (26, 'www.storagesite.com/image7_2.png', 7),
        (27, 'www.storagesite.com/image20_2.png', 20),
        (28, 'www.storagesite.com/image16_1.png', 16),
        (29, 'www.storagesite.com/image18_1.png', 18),
        (30, 'www.storagesite.com/image19_1.png', 19),
        (31, 'www.storagesite.com/image4_1.png', 4),
        (32, 'www.storagesite.com/image26_1.png', 26),
        (33, 'www.storagesite.com/image1_2.png', 1),
        (34, 'www.storagesite.com/image3_2.png', 3),
        (35, 'www.storagesite.com/image10_1.png', 10),
        (36, 'www.storagesite.com/image23_1.png', 23),
        (37, 'www.storagesite.com/image21_1.png', 21),
        (38, 'www.storagesite.com/image20_1.png', 20),
        (39, 'www.storagesite.com/image25_1.png', 25),
        (40, 'www.storagesite.com/image24_2.png', 24),
        (41, 'www.storagesite.com/image18_2.png', 18),
        (42, 'www.storagesite.com/image10_2.png', 10),
        (43, 'www.storagesite.com/image8_2.png', 8),
        (44, 'www.storagesite.com/image24_1.png', 24),
        (45, 'www.storagesite.com/image4_2.png', 4),
        (46, 'www.storagesite.com/image27_2.png', 27),
        (47, 'www.storagesite.com/image9_2.png', 9),
        (48, 'www.storagesite.com/image5_2.png', 5),
        (49, 'www.storagesite.com/image21_2.png', 21),
        (50, 'www.storagesite.com/image11_1.png', 11);

insert into reservations (reservation_id, check_in, check_out, confirmed, property_id, guest_id)
values  (1, '2022-06-16', '2022-06-19', true, 8, 18),
        (2, '2022-07-20', '2022-07-24', false, 23, 16),
        (3, '2022-07-21', '2022-07-22', true, 25, 4),
        (4, '2022-07-22', '2022-07-25', true, 24, 3),
        (5, '2022-08-09', '2022-08-21', true, 12, 3),
        (6, '2022-08-11', '2022-08-14', true, 19, 5),
        (7, '2022-08-12', '2022-08-15', false, 20, 15),
        (8, '2022-09-01', '2022-09-06', true, 3, 10),
        (9, '2022-09-05', '2022-09-09', true, 1, 13),
        (10, '2022-09-06', '2022-09-09', true, 2, 5),
        (11, '2022-10-10', '2022-10-15', true, 7, 11),
        (12, '2022-10-13', '2022-10-16', true, 11, 16),
        (13, '2022-11-08', '2022-11-10', false, 3, 2),
        (14, '2022-11-18', '2022-11-25', true, 27, 14),
        (15, '2022-11-21', '2022-11-25', true, 22, 8),
        (16, '2022-12-12', '2022-12-18', true, 28, 6),
        (17, '2022-12-22', '2022-12-28', true, 10, 19),
        (18, '2023-01-05', '2023-01-11', false, 8, 1),
        (19, '2023-01-10', '2023-01-13', true, 9, 20),
        (20, '2023-02-04', '2023-02-17', true, 18, 8),
        (21, '2023-02-15', '2023-02-18', true, 16, 14),
        (22, '2023-03-25', '2023-03-28', false, 26, 1),
        (23, '2023-03-25', '2023-03-27', true, 25, 9),
        (24, '2023-04-10', '2023-04-14', true, 12, 19),
        (25, '2023-04-12', '2023-04-15', true, 13, 9),
        (26, '2023-05-01', '2023-05-09', false, 5, 15),
        (27, '2023-05-02', '2023-05-06', false, 4, 5),
        (28, '2023-05-10', '2023-05-13', false, 5, 10),
        (29, '2023-06-10', '2023-06-16', false, 6, 13),
        (30, '2023-06-12', '2023-06-14', false, 15, 3);

insert into bookings_confirmation (booking_id, reservation_id)
values  (1, 1),
        (2, 3),
        (3, 4),
        (4, 5),
        (5, 6),
        (6, 8),
        (7, 9),
        (8, 10),
        (9, 11),
        (10, 12),
        (11, 14),
        (12, 15),
        (13, 16),
        (14, 17),
        (15, 19),
        (16, 20),
        (17, 21),
        (18, 23),
        (19, 24),
        (20, 25);

insert into platform_revenue (revenue_id, from_host, from_guest, total_per_booking, booking_id)
values  (1, 0.33, 1.5, 1.83, 2),
        (2, 0.66, 2.6, 3.26, 18),
        (3, 0.99, 3.7, 4.69, 10),
        (4, 1.17, 4.7, 5.87, 3),
        (5, 1.65, 5.89, 7.54, 9),
        (6, 2.34, 8.59, 10.93, 13),
        (7, 2.34, 8.59, 10.93, 14),
        (8, 3.15, 11.6, 14.75, 8),
        (9, 4.29, 14.69, 18.97, 16),
        (10, 4.2, 15.1, 19.29, 19),
        (11, 4.5, 16.1, 20.6, 1),
        (12, 4.5, 16.1, 20.6, 5),
        (13, 4.5, 16.1, 20.6, 15),
        (14, 4.5, 16.1, 20.6, 17),
        (15, 4.5, 16.1, 20.6, 20),
        (16, 6, 21.1, 27.09, 7),
        (17, 6, 21.1, 27.09, 12),
        (18, 7.35, 25.59, 32.94, 11),
        (19, 7.5, 26.09, 33.59, 6),
        (20, 12.6, 43.09, 55.68, 4);

insert into hosts_payout (payout_id, payout, booking_id)
values  (1, 10.6603, 2),
        (2, 21.3206, 18),
        (3, 31.9809, 10),
        (4, 37.8009, 3),
        (5, 53.3015, 9),
        (6, 75.6018, 13),
        (7, 75.6018, 14),
        (8, 101.8209, 8),
        (9, 135.7612, 19),
        (10, 138.5839, 16),
        (11, 145.4709, 1),
        (12, 145.4709, 5),
        (13, 145.4709, 15),
        (14, 145.4709, 17),
        (15, 145.4709, 20),
        (16, 193.9612, 7),
        (17, 193.9612, 12),
        (18, 237.5821, 11),
        (19, 242.4515, 6),
        (20, 407.2836, 4);

insert into guests_payments (payment_id, total_pay, booking_id)
values  (1, 16.478, 2),
        (2, 28.567, 18),
        (3, 40.656, 10),
        (4, 51.656, 3),
        (5, 64.834, 9),
        (6, 94.523, 13),
        (7, 94.523, 14),
        (8, 127.556, 8),
        (9, 161.546, 16),
        (10, 166.045, 19),
        (11, 177.056, 1),
        (12, 177.056, 5),
        (13, 177.056, 15),
        (14, 177.056, 17),
        (15, 177.056, 20),
        (16, 232.045, 7),
        (17, 232.045, 12),
        (18, 281.512, 11),
        (19, 287.034, 6),
        (20, 473.957, 4);

insert into bookings_history (archive_id, guest_review_id, host_review_id, booking_id)
values  (1, 1, 1, 1),
        (2, 2, 2, 2),
        (3, 3, 3, 3),
        (4, 4, 4, 4),
        (5, 5, 5, 5),
        (6, 6, 6, 6),
        (7, 7, 7, 7),
        (8, 8, 8, 8),
        (9, 9, 9, 9),
        (10, 10, 10, 10),
        (11, 11, 11, 11),
        (12, 12, 12, 12),
        (13, 13, 13, 13),
        (14, 14, 14, 14),
        (15, 15, 15, 15),
        (16, 16, 16, 16),
        (17, 17, 17, 17),
        (18, 18, 18, 18),
        (19, 19, 19, 19),
        (20, 20, 20, 20);